{
    "bindings": [
        {
            "font": "{5f990684-1aeb-42f3-a72d-86e0eef90ad9}",
            "language": "{763a4aab-dfbd-40b9-a970-efd76a5fcc53}",
            "string": "{13a0b26f-7e20-429a-be25-a95e8aa5ca77}"
        },
        {
            "font": "{5f990684-1aeb-42f3-a72d-86e0eef90ad9}",
            "language": "{763a4aab-dfbd-40b9-a970-efd76a5fcc53}",
            "string": "{5871d76c-2f6b-4e8c-a2e9-3236b6e370b2}"
        },
        {
            "font": "{5f990684-1aeb-42f3-a72d-86e0eef90ad9}",
            "language": "{763a4aab-dfbd-40b9-a970-efd76a5fcc53}",
            "string": "{6d2187bd-c684-4861-afc8-22ffb219fccf}"
        }
    ],
    "defaultLanguage": "{763a4aab-dfbd-40b9-a970-efd76a5fcc53}",
    "encoding": "ASCII",
    "languages": [
        {
            "properties": {
                "__categories": [
                ],
                "__groups": [
                ],
                "enabled": {
                    "enabled": true,
                    "type": "boolean",
                    "value": true,
                    "visible": true
                },
                "id": {
                    "enabled": true,
                    "type": "uuid",
                    "value": "{763a4aab-dfbd-40b9-a970-efd76a5fcc53}",
                    "visible": true
                },
                "name": {
                    "enabled": true,
                    "type": "text",
                    "value": "Default",
                    "visible": true
                }
            }
        }
    ],
    "paths": [
    ],
    "strings": [
        {
            "properties": {
                "__categories": [
                ],
                "__groups": [
                ],
                "description": {
                    "enabled": true,
                    "type": "text",
                    "value": "",
                    "visible": true
                },
                "id": {
                    "enabled": true,
                    "type": "uuid",
                    "value": "{13a0b26f-7e20-429a-be25-a95e8aa5ca77}",
                    "visible": true
                },
                "name": {
                    "enabled": true,
                    "type": "text",
                    "value": "Fast",
                    "visible": true
                },
                "path": {
                    "enabled": true,
                    "type": "text",
                    "value": "/",
                    "visible": true
                }
            },
            "values": [
                {
                    "language": "{763a4aab-dfbd-40b9-a970-efd76a5fcc53}",
                    "value": "Fast."
                }
            ]
        },
        {
            "properties": {
                "__categories": [
                ],
                "__groups": [
                ],
                "description": {
                    "enabled": true,
                    "type": "text",
                    "value": "",
                    "visible": true
                },
                "id": {
                    "enabled": true,
                    "type": "uuid",
                    "value": "{5871d76c-2f6b-4e8c-a2e9-3236b6e370b2}",
                    "visible": true
                },
                "name": {
                    "enabled": true,
                    "type": "text",
                    "value": "Easy",
                    "visible": true
                },
                "path": {
                    "enabled": true,
                    "type": "text",
                    "value": "/",
                    "visible": true
                }
            },
            "values": [
                {
                    "language": "{763a4aab-dfbd-40b9-a970-efd76a5fcc53}",
                    "value": "Easy."
                }
            ]
        },
        {
            "properties": {
                "__categories": [
                ],
                "__groups": [
                ],
                "description": {
                    "enabled": true,
                    "type": "text",
                    "value": "",
                    "visible": true
                },
                "id": {
                    "enabled": true,
                    "type": "uuid",
                    "value": "{6d2187bd-c684-4861-afc8-22ffb219fccf}",
                    "visible": true
                },
                "name": {
                    "enabled": true,
                    "type": "text",
                    "value": "Smart",
                    "visible": true
                },
                "path": {
                    "enabled": true,
                    "type": "text",
                    "value": "/",
                    "visible": true
                }
            },
            "values": [
                {
                    "language": "{763a4aab-dfbd-40b9-a970-efd76a5fcc53}",
                    "value": "Smart."
                }
            ]
        }
    ]
}
