{
    "images": [
        {
            "id": "{af8b8b49-a1b1-4635-91f6-30d5964e9acf}",
            "name": "mchpLogo_small",
            "type": "RGB"
        },
        {
            "id": "{89a61a0e-2884-4577-ba37-5685cea231c4}",
            "name": "MHGS_logo_smaller",
            "type": "RGB"
        },
        {
            "id": "{720a4481-31c4-4740-a06a-b3bf27a9fdb7}",
            "name": "QuickstartDown_WQVGA",
            "type": "RGB"
        },
        {
            "id": "{e572c894-725e-4b41-90a3-369e0118a60a}",
            "name": "QuickstartUp_WQVGA",
            "type": "RGB"
        }
    ],
    "paths": [
    ]
}
